<?xml version="1.0" encoding="UTF-8"?>
<scr:component xmlns:scr="http://www.osgi.org/xmlns/scr/v1.3.0" name="com.kpmg.ehs.portlet.EHS_MainPortlet" immediate="true">
  <property name="com.liferay.portlet.display-category" type="String" value="category.sample"/>
  <property name="com.liferay.portlet.header-portlet-css" type="String" value="/css/main.css"/>
  <property name="com.liferay.portlet.instanceable" type="String" value="true"/>
  <property name="javax.portlet.display-name" type="String" value="EHS_Main"/>
  <property name="javax.portlet.init-param.template-path" type="String" value="/"/>
  <property name="javax.portlet.init-param.view-template" type="String" value="/view.jsp"/>
  <property name="javax.portlet.name" type="String" value="com_kpmg_ehs_EHS_MainPortlet"/>
  <property name="javax.portlet.resource-bundle" type="String" value="content.Language"/>
  <property name="javax.portlet.security-role-ref" type="String" value="power-user,user"/>
  <service>
    <provide interface="javax.portlet.Portlet"/>
  </service>
  <implementation class="com.kpmg.ehs.portlet.EHS_MainPortlet"/>
</scr:component>
